product_id,product_name,category,supplier_id,unit_cost,unit_price,stock_on_hand,reorder_point,lead_time_days,annual_sales_units
1,Product_1,Health,23,168.79,567.66,513,67,16,4515
2,Product_2,Toys,14,227.14,128.75,448,190,43,1015
3,Product_3,Home & Kitchen,24,336.35,917.62,359,92,22,3638
4,Product_4,Sports,2,77.15,723.45,699,127,6,2200
5,Product_5,Health,45,227.47,407.43,818,77,14,3007
6,Product_6,Sports,26,296.0,167.04,29,195,19,3014
7,Product_7,Office Supplies,14,474.55,883.17,778,108,34,2082
8,Product_8,Electronics,7,130.0,825.54,987,112,48,3970
9,Product_9,Home & Kitchen,3,182.83,724.5,107,141,21,4628
10,Product_10,Books,47,192.78,278.83,843,105,8,3667
11,Product_11,Home & Kitchen,23,304.74,408.42,934,160,11,1098
12,Product_12,Health,46,181.58,111.72,601,186,45,2247
13,Product_13,Books,43,269.09,197.15,716,117,35,4794
14,Product_14,Electronics,47,391.99,785.19,890,95,55,495
15,Product_15,Health,45,354.17,717.89,967,116,59,3698
16,Product_16,Clothing,18,225.95,597.55,958,185,43,4610
17,Product_17,Sports,38,432.79,896.77,959,55,59,1038
18,Product_18,Electronics,35,281.28,587.43,444,73,38,1736
19,Product_19,Sports,15,272.25,472.3,892,143,10,2824
20,Product_20,Toys,25,21.92,346.97,437,62,54,2610
21,Product_21,Clothing,37,493.41,941.04,731,74,42,4736
22,Product_22,Clothing,28,65.87,91.89,889,197,49,1749
23,Product_23,Electronics,10,119.41,931.58,605,167,55,3790
24,Product_24,Clothing,39,30.59,828.45,456,131,38,3535
25,Product_25,Books,17,321.8,138.63,614,160,48,3301
26,Product_26,Clothing,39,116.23,569.33,734,131,19,4279
27,Product_27,Sports,22,94.11,867.88,697,115,18,4466
28,Product_28,Sports,26,48.84,576.09,980,94,10,2391
29,Product_29,Health,44,56.14,908.13,695,163,54,4583
30,Product_30,Sports,25,294.41,943.55,494,112,41,313
31,Product_31,Health,17,345.66,428.16,673,125,54,3337
32,Product_32,Sports,13,201.7,383.54,246,163,36,3962
33,Product_33,Books,20,242.55,936.96,542,160,7,158
34,Product_34,Office Supplies,25,344.55,678.39,563,196,7,3030
35,Product_35,Health,4,13.6,124.86,856,84,26,3071
36,Product_36,Home & Kitchen,10,164.95,51.87,587,102,26,1627
37,Product_37,Toys,3,486.68,568.98,896,75,14,222
38,Product_38,Electronics,41,292.16,930.87,438,63,55,3819
39,Product_39,Sports,45,130.84,845.81,277,167,7,1536
40,Product_40,Clothing,18,263.26,679.09,551,94,16,1262
41,Product_41,Office Supplies,47,174.61,147.72,612,100,33,3400
42,Product_42,Sports,36,268.46,261.69,110,168,52,3445
43,Product_43,Clothing,47,67.24,876.76,384,68,21,2586
44,Product_44,Toys,22,70.69,190.98,832,131,11,661
45,Product_45,Toys,34,76.05,285.66,760,125,17,4081
46,Product_46,Toys,47,470.21,138.3,190,141,6,1837
47,Product_47,Clothing,8,367.78,679.35,489,82,8,1004
48,Product_48,Sports,40,85.38,944.54,693,196,14,3654
49,Product_49,Toys,49,98.23,276.28,425,77,43,4590
50,Product_50,Books,44,366.76,480.65,404,172,28,1826
51,Product_51,Health,19,82.3,638.0,334,175,21,3023
52,Product_52,Clothing,42,121.11,999.47,208,86,56,3631
53,Product_53,Clothing,41,481.86,113.76,21,148,10,4006
54,Product_54,Sports,37,131.38,503.59,677,147,23,1034
55,Product_55,Clothing,6,332.51,391.27,610,176,9,174
56,Product_56,Clothing,26,489.42,867.16,207,129,36,394
57,Product_57,Toys,34,190.28,481.21,7,87,14,120
58,Product_58,Sports,45,13.67,119.87,701,126,13,3342
59,Product_59,Toys,6,125.85,638.08,686,175,31,1138
60,Product_60,Health,37,416.28,773.07,784,136,17,4755
61,Product_61,Office Supplies,33,432.98,12.85,528,103,23,1209
62,Product_62,Health,22,385.42,860.37,601,199,25,3871
63,Product_63,Office Supplies,21,60.99,194.16,652,65,28,471
64,Product_64,Toys,6,398.78,556.55,656,77,42,1274
65,Product_65,Health,6,459.75,421.64,165,95,8,1264
66,Product_66,Sports,48,302.3,722.46,848,121,28,1192
67,Product_67,Electronics,4,470.73,377.45,495,134,39,1383
68,Product_68,Toys,30,414.29,871.07,589,75,7,2111
69,Product_69,Office Supplies,11,335.15,733.19,428,134,8,945
70,Product_70,Books,30,290.71,651.24,773,114,41,2091
71,Product_71,Office Supplies,31,177.54,798.28,162,183,44,620
72,Product_72,Books,24,83.85,756.48,365,164,52,4566
73,Product_73,Clothing,9,304.45,45.58,525,113,58,4296
74,Product_74,Health,3,162.47,400.79,238,136,39,4856
75,Product_75,Books,31,433.89,931.5,71,156,35,342
76,Product_76,Office Supplies,40,496.7,134.47,444,145,48,2900
77,Product_77,Clothing,37,377.45,739.73,654,126,29,4707
78,Product_78,Electronics,36,49.79,974.85,821,195,44,2996
79,Product_79,Sports,24,147.9,61.68,508,136,17,2702
80,Product_80,Sports,31,59.01,685.37,794,198,8,2373
81,Product_81,Sports,6,327.0,473.47,268,106,50,1641
82,Product_82,Books,2,383.77,583.38,752,152,18,2865
83,Product_83,Electronics,20,463.21,94.49,414,140,17,2214
84,Product_84,Books,28,221.9,52.58,244,94,31,4591
85,Product_85,Health,11,451.18,670.2,674,137,10,4807
86,Product_86,Books,4,439.56,825.08,59,164,21,3183
87,Product_87,Electronics,15,162.01,784.2,5,96,40,1957
88,Product_88,Electronics,6,435.11,548.37,708,184,44,869
89,Product_89,Health,49,190.96,108.87,981,99,53,1522
90,Product_90,Electronics,30,151.95,691.16,569,133,39,506
91,Product_91,Office Supplies,38,326.29,249.47,816,140,21,3072
92,Product_92,Electronics,2,167.55,911.96,406,183,45,1972
93,Product_93,Sports,15,316.95,839.88,216,140,6,2794
94,Product_94,Office Supplies,11,306.87,712.29,929,186,17,2369
95,Product_95,Office Supplies,8,283.9,949.36,25,158,56,4849
96,Product_96,Health,26,193.31,41.11,814,106,6,1281
97,Product_97,Home & Kitchen,45,276.51,738.84,4,80,56,1539
98,Product_98,Home & Kitchen,44,300.26,336.94,985,70,32,3153
99,Product_99,Electronics,5,275.12,907.01,531,139,47,3433
100,Product_100,Office Supplies,6,224.99,274.01,389,89,30,2997
101,Product_101,Home & Kitchen,26,12.26,727.61,709,161,26,3003
102,Product_102,Home & Kitchen,4,295.6,878.87,570,94,51,328
103,Product_103,Electronics,19,88.38,51.24,447,126,47,4059
104,Product_104,Home & Kitchen,20,323.08,403.67,753,136,59,1993
105,Product_105,Books,33,380.88,764.69,145,197,7,1413
106,Product_106,Clothing,20,252.72,460.37,387,150,39,1170
107,Product_107,Health,49,273.47,274.58,784,166,16,1074
108,Product_108,Clothing,12,475.98,227.61,248,141,28,1838
109,Product_109,Electronics,47,424.35,140.2,525,194,9,3385
110,Product_110,Sports,1,457.55,858.56,461,77,24,857
111,Product_111,Health,26,407.81,579.6,12,74,43,3195
112,Product_112,Electronics,14,58.91,85.62,902,107,43,420
113,Product_113,Office Supplies,38,78.75,388.75,383,90,17,2421
114,Product_114,Sports,37,265.68,374.06,555,183,45,655
115,Product_115,Clothing,11,126.8,189.92,886,124,57,1486
116,Product_116,Electronics,36,240.96,441.15,398,87,49,4863
117,Product_117,Office Supplies,13,200.21,338.78,18,183,16,3147
118,Product_118,Health,43,276.96,348.39,574,124,17,2527
119,Product_119,Health,3,374.7,741.64,490,191,14,2104
120,Product_120,Toys,33,359.17,231.03,750,115,37,2030
121,Product_121,Office Supplies,6,263.01,645.44,418,52,44,4941
122,Product_122,Books,50,412.08,574.94,336,166,58,4870
123,Product_123,Home & Kitchen,10,218.28,572.41,418,148,20,2263
124,Product_124,Sports,5,448.87,666.38,914,68,49,3967
125,Product_125,Office Supplies,23,40.28,552.9,915,195,39,2526
126,Product_126,Toys,10,477.56,880.46,611,165,7,3893
127,Product_127,Home & Kitchen,44,329.07,678.82,674,174,9,2613
128,Product_128,Home & Kitchen,2,193.14,551.49,927,137,30,3903
129,Product_129,Electronics,13,102.59,831.47,121,84,15,2427
130,Product_130,Home & Kitchen,40,242.2,610.09,431,50,11,717
131,Product_131,Books,2,101.31,298.23,43,175,57,2265
132,Product_132,Health,20,87.33,215.02,871,138,14,3408
133,Product_133,Toys,1,310.59,160.8,919,193,46,1092
134,Product_134,Home & Kitchen,37,263.93,900.46,316,196,56,1477
135,Product_135,Electronics,9,336.7,713.03,380,74,38,4481
136,Product_136,Books,17,465.15,938.0,144,65,7,3274
137,Product_137,Clothing,9,268.47,607.26,326,122,12,4882
138,Product_138,Health,11,292.56,478.67,362,178,35,1405
139,Product_139,Health,15,49.37,69.12,49,91,15,4933
140,Product_140,Toys,24,360.23,674.93,64,196,49,3178
141,Product_141,Health,38,202.95,586.39,354,129,11,2786
142,Product_142,Home & Kitchen,35,488.48,990.31,799,153,49,3083
143,Product_143,Electronics,30,412.47,246.77,163,195,6,2623
144,Product_144,Health,31,263.63,535.43,140,83,10,3682
145,Product_145,Health,49,66.0,654.45,965,138,45,1585
146,Product_146,Clothing,5,430.41,648.15,825,174,36,2200
147,Product_147,Clothing,44,400.89,565.68,127,94,24,4681
148,Product_148,Sports,50,96.37,779.16,397,183,38,3815
149,Product_149,Books,14,151.16,212.93,932,70,54,2101
150,Product_150,Home & Kitchen,11,397.74,728.37,879,171,20,1487
151,Product_151,Health,9,96.69,623.54,462,119,29,3283
152,Product_152,Office Supplies,34,459.29,897.11,750,145,16,1130
153,Product_153,Health,12,215.14,848.72,835,154,11,1865
154,Product_154,Electronics,35,48.08,322.0,807,97,43,4863
155,Product_155,Sports,35,408.8,283.47,186,88,21,1320
156,Product_156,Books,1,189.89,981.84,719,80,49,3906
157,Product_157,Office Supplies,40,265.62,531.99,731,59,15,2514
158,Product_158,Sports,22,60.59,907.36,911,79,10,4445
159,Product_159,Toys,29,6.28,172.24,189,67,27,1718
160,Product_160,Books,8,320.8,646.39,387,137,31,1363
161,Product_161,Health,11,260.01,811.76,428,174,50,971
162,Product_162,Health,41,298.8,947.92,857,122,10,934
163,Product_163,Books,37,397.9,343.97,283,64,42,2922
164,Product_164,Health,14,325.07,727.73,863,53,6,1018
165,Product_165,Home & Kitchen,30,91.51,543.42,236,58,26,1824
166,Product_166,Books,35,183.58,70.02,193,158,24,2513
167,Product_167,Sports,21,453.42,693.1,286,186,29,1413
168,Product_168,Books,37,386.12,693.2,770,181,19,4598
169,Product_169,Office Supplies,5,280.54,931.3,757,65,53,2205
170,Product_170,Health,19,131.54,502.34,135,192,33,2668
171,Product_171,Home & Kitchen,14,154.52,237.95,791,148,12,1238
172,Product_172,Home & Kitchen,26,367.32,54.12,782,170,41,309
173,Product_173,Toys,4,426.33,421.49,170,101,53,1164
174,Product_174,Sports,25,337.36,308.9,158,118,56,2320
175,Product_175,Clothing,45,405.72,763.48,200,54,37,333
176,Product_176,Clothing,42,384.49,360.73,486,69,26,892
177,Product_177,Books,25,79.1,949.58,556,128,54,3210
178,Product_178,Toys,18,214.85,962.69,961,195,51,2266
179,Product_179,Electronics,40,80.73,624.7,775,160,9,434
180,Product_180,Books,8,121.44,929.37,582,51,43,1459
181,Product_181,Toys,39,435.28,763.25,503,142,22,1314
182,Product_182,Sports,40,239.08,551.39,875,62,42,4519
183,Product_183,Sports,14,270.0,188.5,370,53,58,383
184,Product_184,Sports,32,93.33,464.01,102,158,57,312
185,Product_185,Sports,38,159.57,565.27,124,123,41,1758
186,Product_186,Sports,33,118.97,865.32,312,144,34,4178
187,Product_187,Toys,23,107.06,486.52,975,154,55,4947
188,Product_188,Toys,15,320.79,898.7,994,57,35,1517
189,Product_189,Home & Kitchen,33,132.16,677.61,797,116,14,2486
190,Product_190,Office Supplies,25,317.85,145.63,457,159,19,1894
191,Product_191,Clothing,17,33.94,995.03,229,58,46,204
192,Product_192,Health,33,75.18,531.96,657,166,52,4965
193,Product_193,Sports,47,140.9,397.94,881,60,48,3993
194,Product_194,Electronics,2,300.54,662.52,196,148,22,3945
195,Product_195,Health,14,339.54,117.8,884,91,27,3790
196,Product_196,Toys,40,224.14,640.17,732,190,37,3392
197,Product_197,Electronics,40,225.67,503.25,422,169,20,478
198,Product_198,Electronics,39,363.64,412.61,571,190,58,3393
199,Product_199,Electronics,6,12.83,953.49,609,61,42,3429
200,Product_200,Home & Kitchen,6,173.84,527.31,170,86,39,4908
201,Product_201,Toys,3,410.26,226.93,381,123,38,3538
202,Product_202,Electronics,7,303.59,464.37,172,122,32,324
203,Product_203,Sports,8,171.93,920.19,662,101,6,837
204,Product_204,Books,42,453.23,184.33,452,179,34,335
205,Product_205,Electronics,15,387.45,221.82,349,105,17,4378
206,Product_206,Home & Kitchen,47,136.12,22.9,901,109,45,811
207,Product_207,Health,29,324.42,24.05,951,72,20,1988
208,Product_208,Toys,33,299.9,831.1,633,152,9,4818
209,Product_209,Office Supplies,30,203.59,734.8,493,89,59,1359
210,Product_210,Home & Kitchen,39,186.64,361.49,619,113,32,848
211,Product_211,Electronics,27,175.06,701.33,3,134,57,4086
212,Product_212,Toys,36,310.49,401.25,92,138,43,3651
213,Product_213,Books,29,223.99,953.37,918,80,49,609
214,Product_214,Electronics,38,416.77,967.38,5,69,24,1923
215,Product_215,Home & Kitchen,33,336.45,398.87,287,179,28,4980
216,Product_216,Clothing,37,39.62,855.68,617,62,31,3041
217,Product_217,Sports,27,321.88,775.36,145,171,34,4332
218,Product_218,Office Supplies,33,139.22,316.9,782,152,49,2234
219,Product_219,Health,4,298.44,239.72,423,155,31,1877
220,Product_220,Home & Kitchen,22,341.67,463.65,889,168,30,1322
221,Product_221,Toys,2,119.26,783.54,607,119,11,3767
222,Product_222,Office Supplies,10,231.15,960.57,456,148,46,1877
223,Product_223,Office Supplies,5,99.21,765.94,740,131,51,1404
224,Product_224,Office Supplies,10,30.91,856.65,201,124,57,4959
225,Product_225,Electronics,33,192.35,607.03,211,167,42,801
226,Product_226,Sports,38,184.66,837.05,5,133,9,3089
227,Product_227,Electronics,13,497.76,786.58,623,118,27,251
228,Product_228,Toys,31,225.94,383.22,375,108,32,1425
229,Product_229,Electronics,47,170.12,556.47,890,175,38,1401
230,Product_230,Clothing,36,292.34,806.71,446,160,57,3822
231,Product_231,Sports,45,48.94,55.6,834,111,19,1811
232,Product_232,Sports,24,481.02,810.0,105,193,36,906
233,Product_233,Toys,15,319.31,186.11,650,177,30,4430
234,Product_234,Health,29,378.64,519.54,810,154,52,2822
235,Product_235,Clothing,8,89.39,810.19,400,117,35,4756
236,Product_236,Home & Kitchen,5,207.69,261.28,95,64,23,1425
237,Product_237,Electronics,29,214.23,253.35,387,84,13,4233
238,Product_238,Books,47,411.79,408.74,958,63,33,1259
239,Product_239,Electronics,4,5.61,895.7,451,151,58,2969
240,Product_240,Office Supplies,12,153.92,10.44,848,149,55,4616
241,Product_241,Electronics,45,490.71,902.37,808,56,43,1342
242,Product_242,Home & Kitchen,2,240.07,162.27,978,79,8,447
243,Product_243,Electronics,27,194.35,990.19,900,98,7,1931
244,Product_244,Clothing,31,64.32,955.3,415,193,33,1669
245,Product_245,Clothing,36,487.21,499.73,725,160,56,4035
246,Product_246,Sports,36,14.91,517.59,503,121,15,2018
247,Product_247,Toys,26,369.9,486.73,453,129,37,3332
248,Product_248,Health,43,385.46,639.09,290,132,42,3858
249,Product_249,Books,27,125.61,99.81,533,91,15,2455
250,Product_250,Office Supplies,5,337.42,42.29,192,66,31,1497
251,Product_251,Electronics,20,51.0,67.13,979,56,37,2880
252,Product_252,Electronics,11,132.24,449.92,149,59,25,1924
253,Product_253,Home & Kitchen,10,395.01,282.79,879,83,43,2591
254,Product_254,Toys,40,433.02,625.82,758,85,35,4160
255,Product_255,Clothing,38,306.2,992.52,778,55,42,504
256,Product_256,Books,6,255.89,392.46,972,195,50,1821
257,Product_257,Sports,8,83.86,578.1,762,183,6,2925
258,Product_258,Clothing,23,36.24,421.45,514,78,31,3945
259,Product_259,Office Supplies,47,63.24,848.8,392,175,40,4310
260,Product_260,Toys,26,117.54,903.21,315,130,15,3292
261,Product_261,Office Supplies,46,174.13,878.58,75,124,51,164
262,Product_262,Health,43,193.55,974.63,598,75,22,1399
263,Product_263,Sports,12,176.43,37.24,269,176,5,1515
264,Product_264,Health,26,123.33,841.42,224,164,39,3693
265,Product_265,Home & Kitchen,13,257.31,754.25,529,175,39,1068
266,Product_266,Office Supplies,40,413.52,236.41,112,77,35,468
267,Product_267,Home & Kitchen,18,143.45,956.76,250,180,32,332
268,Product_268,Electronics,25,471.48,156.7,232,124,43,2342
269,Product_269,Health,33,437.3,682.75,840,127,5,3183
270,Product_270,Toys,47,85.07,232.64,790,139,29,1020
271,Product_271,Office Supplies,40,394.21,437.07,713,70,47,788
272,Product_272,Books,43,289.42,721.97,82,103,42,4372
273,Product_273,Sports,12,285.45,567.69,124,152,24,1569
274,Product_274,Clothing,44,198.57,433.23,174,108,7,4825
275,Product_275,Toys,36,253.07,333.08,68,121,55,4359
276,Product_276,Toys,48,201.6,841.26,46,69,6,3722
277,Product_277,Home & Kitchen,4,272.17,152.38,883,161,22,2200
278,Product_278,Health,5,315.84,435.8,255,108,48,2365
279,Product_279,Office Supplies,37,338.78,904.72,726,120,14,3889
280,Product_280,Office Supplies,8,268.58,847.39,29,186,9,923
281,Product_281,Electronics,42,362.1,406.93,280,158,13,3531
282,Product_282,Electronics,49,74.93,765.48,923,178,6,4251
283,Product_283,Sports,28,109.93,824.93,993,105,38,4313
284,Product_284,Home & Kitchen,31,410.27,890.0,236,84,42,897
285,Product_285,Toys,9,164.65,549.06,247,172,35,879
286,Product_286,Office Supplies,29,16.33,212.42,367,180,14,2950
287,Product_287,Books,14,81.13,262.76,494,153,54,2992
288,Product_288,Home & Kitchen,40,115.69,302.74,24,56,16,1993
289,Product_289,Sports,41,478.87,597.86,585,76,40,3406
290,Product_290,Sports,22,288.66,42.48,717,50,58,3002
291,Product_291,Home & Kitchen,11,466.7,639.68,489,136,25,4903
292,Product_292,Sports,23,289.71,370.71,493,90,53,3818
293,Product_293,Home & Kitchen,1,242.28,302.29,313,172,51,121
294,Product_294,Clothing,46,160.3,880.7,605,124,10,1600
295,Product_295,Home & Kitchen,37,305.15,465.4,374,91,52,942
296,Product_296,Health,21,73.9,104.1,638,166,53,1860
297,Product_297,Home & Kitchen,26,449.64,828.48,936,112,7,3741
298,Product_298,Sports,46,415.52,57.16,24,176,14,291
299,Product_299,Office Supplies,36,162.18,729.48,333,182,9,495
300,Product_300,Health,23,476.63,776.17,354,97,50,4762
301,Product_301,Sports,1,413.47,359.08,115,52,30,4426
302,Product_302,Electronics,40,334.82,826.54,47,165,25,973
303,Product_303,Electronics,15,65.27,520.5,737,148,49,2721
304,Product_304,Office Supplies,21,241.73,468.66,777,165,30,4435
305,Product_305,Office Supplies,47,255.52,54.95,98,63,42,189
306,Product_306,Health,9,120.11,297.13,458,161,48,2379
307,Product_307,Clothing,9,44.58,931.7,522,110,30,556
308,Product_308,Office Supplies,10,389.48,397.91,596,144,12,2380
309,Product_309,Electronics,26,65.41,551.23,404,66,9,4549
310,Product_310,Home & Kitchen,41,299.17,536.7,213,173,19,1104
311,Product_311,Sports,35,468.54,594.53,684,73,20,4634
312,Product_312,Electronics,25,438.67,70.72,902,165,5,444
313,Product_313,Electronics,26,142.49,368.55,502,131,20,2811
314,Product_314,Clothing,11,426.47,725.9,720,99,41,4852
315,Product_315,Health,38,5.16,208.55,447,128,7,2562
316,Product_316,Health,2,13.76,211.54,893,128,56,1216
317,Product_317,Toys,7,303.26,19.99,575,119,51,725
318,Product_318,Clothing,18,185.58,443.11,257,76,35,4479
319,Product_319,Home & Kitchen,27,196.3,883.91,843,64,17,2079
320,Product_320,Health,34,284.4,61.38,120,99,20,4094
321,Product_321,Sports,27,99.93,199.21,809,85,59,1778
322,Product_322,Office Supplies,17,109.82,316.98,977,57,47,322
323,Product_323,Clothing,43,244.88,734.41,53,128,25,843
324,Product_324,Office Supplies,44,378.36,644.23,330,180,6,562
325,Product_325,Electronics,24,311.65,421.78,783,96,58,1668
326,Product_326,Sports,25,152.19,761.48,240,154,31,3447
327,Product_327,Sports,7,218.02,613.53,754,147,42,1836
328,Product_328,Electronics,6,89.48,897.08,529,145,30,4139
329,Product_329,Clothing,24,41.94,819.85,482,165,42,4051
330,Product_330,Electronics,33,392.43,260.29,186,62,50,764
331,Product_331,Office Supplies,49,136.37,278.72,857,50,29,1456
332,Product_332,Toys,29,92.99,134.1,655,83,15,1114
333,Product_333,Sports,43,347.35,343.6,261,128,12,2232
334,Product_334,Books,22,310.94,999.55,952,127,12,2768
335,Product_335,Books,26,318.43,411.69,363,170,37,1154
336,Product_336,Office Supplies,28,118.3,228.28,490,142,57,1864
337,Product_337,Home & Kitchen,50,120.16,764.86,430,147,11,4558
338,Product_338,Health,21,114.3,547.05,238,131,42,2969
339,Product_339,Electronics,49,91.01,158.11,303,87,25,1512
340,Product_340,Electronics,7,329.58,386.88,297,63,12,767
341,Product_341,Home & Kitchen,17,424.77,420.33,75,185,55,3470
342,Product_342,Home & Kitchen,20,363.54,756.29,699,140,58,1494
343,Product_343,Office Supplies,41,397.09,30.46,332,103,25,198
344,Product_344,Office Supplies,49,205.38,276.33,899,179,24,4170
345,Product_345,Home & Kitchen,20,328.77,522.42,998,150,12,521
346,Product_346,Sports,22,180.35,276.16,757,138,50,3750
347,Product_347,Office Supplies,28,265.12,632.15,641,105,35,4257
348,Product_348,Toys,40,243.41,487.05,473,143,54,1232
349,Product_349,Office Supplies,49,92.56,368.09,826,142,33,1802
350,Product_350,Electronics,7,196.6,949.72,922,133,52,3720
351,Product_351,Office Supplies,1,482.09,635.84,282,134,13,3290
352,Product_352,Sports,32,128.05,138.64,590,71,19,697
353,Product_353,Home & Kitchen,13,71.23,564.49,71,84,34,491
354,Product_354,Electronics,30,212.2,782.92,262,65,30,1175
355,Product_355,Office Supplies,23,396.22,711.4,702,99,14,2750
356,Product_356,Sports,19,293.16,180.37,878,171,33,2484
357,Product_357,Toys,32,342.08,972.7,886,177,58,909
358,Product_358,Office Supplies,30,98.9,454.33,941,162,20,3409
359,Product_359,Sports,29,311.38,167.43,574,66,40,3838
360,Product_360,Toys,49,165.13,188.39,999,129,24,1259
361,Product_361,Home & Kitchen,45,417.98,107.25,891,179,49,1631
362,Product_362,Office Supplies,29,316.5,805.48,11,181,58,2782
363,Product_363,Toys,30,103.43,130.81,140,134,41,353
364,Product_364,Electronics,16,36.99,133.87,765,143,26,3648
365,Product_365,Home & Kitchen,40,26.1,851.97,554,183,11,3285
366,Product_366,Electronics,19,188.85,351.16,16,130,27,1331
367,Product_367,Books,18,136.6,40.55,62,118,45,2523
368,Product_368,Clothing,1,324.81,61.38,252,118,44,3675
369,Product_369,Office Supplies,14,252.17,150.75,464,197,33,4361
370,Product_370,Toys,47,136.68,221.26,375,65,20,1673
371,Product_371,Clothing,50,78.87,668.49,803,100,42,3008
372,Product_372,Clothing,2,67.96,165.75,980,154,32,4812
373,Product_373,Toys,28,433.01,127.69,519,115,52,1725
374,Product_374,Home & Kitchen,49,125.52,767.07,836,58,42,4098
375,Product_375,Office Supplies,50,327.6,674.34,89,156,35,3983
376,Product_376,Books,30,406.29,440.97,719,149,18,3615
377,Product_377,Electronics,38,308.97,553.82,803,135,57,3503
378,Product_378,Sports,4,430.48,318.86,795,113,37,4698
379,Product_379,Electronics,1,199.23,487.68,629,71,13,4780
380,Product_380,Sports,8,478.33,511.61,860,159,31,2058
381,Product_381,Electronics,29,70.91,393.36,174,146,28,4109
382,Product_382,Toys,39,55.56,907.51,75,67,17,2835
383,Product_383,Books,3,331.05,25.9,612,120,30,4591
384,Product_384,Office Supplies,32,471.7,784.35,925,176,33,3274
385,Product_385,Sports,10,405.4,133.14,662,146,55,501
386,Product_386,Office Supplies,10,42.83,799.57,399,50,53,1074
387,Product_387,Office Supplies,19,143.29,619.75,781,181,47,323
388,Product_388,Office Supplies,46,465.51,844.85,969,53,32,4713
389,Product_389,Health,34,130.26,106.54,70,174,32,335
390,Product_390,Home & Kitchen,33,391.68,563.39,179,131,12,3598
391,Product_391,Electronics,23,413.44,506.08,123,76,27,4311
392,Product_392,Office Supplies,28,250.25,709.13,380,108,33,3334
393,Product_393,Electronics,32,196.24,538.95,292,81,9,325
394,Product_394,Office Supplies,50,227.81,545.33,796,77,46,2377
395,Product_395,Sports,7,117.35,435.3,194,155,11,4377
396,Product_396,Home & Kitchen,29,445.25,315.75,910,154,46,1441
397,Product_397,Home & Kitchen,8,228.06,487.44,227,119,40,4136
398,Product_398,Toys,1,441.82,127.31,430,111,45,309
399,Product_399,Health,3,57.32,961.9,941,83,31,3827
400,Product_400,Toys,24,494.2,717.27,435,136,50,4028
401,Product_401,Toys,23,224.42,952.94,786,163,6,2903
402,Product_402,Toys,8,28.68,234.46,460,155,29,1209
403,Product_403,Toys,47,23.82,880.55,617,105,13,2126
404,Product_404,Toys,37,374.37,810.7,20,162,57,493
405,Product_405,Books,3,331.22,680.38,63,62,31,943
406,Product_406,Home & Kitchen,33,402.05,628.78,164,67,5,1624
407,Product_407,Toys,28,57.16,323.38,26,162,27,703
408,Product_408,Office Supplies,47,22.61,818.25,310,88,14,681
409,Product_409,Home & Kitchen,8,256.75,506.5,284,128,46,2039
410,Product_410,Home & Kitchen,34,196.86,80.18,659,195,56,232
411,Product_411,Clothing,35,233.66,319.73,280,79,29,2938
412,Product_412,Books,32,495.84,935.94,837,147,58,3485
413,Product_413,Toys,24,485.52,852.17,830,107,7,3870
414,Product_414,Electronics,14,471.45,982.09,163,116,10,2368
415,Product_415,Sports,32,393.0,631.71,897,120,10,1075
416,Product_416,Health,46,180.65,255.03,917,195,57,1913
417,Product_417,Office Supplies,43,209.0,171.19,223,155,6,3363
418,Product_418,Electronics,16,277.06,195.05,783,56,22,1643
419,Product_419,Books,4,416.11,29.6,145,89,27,2935
420,Product_420,Sports,37,39.01,396.78,964,119,6,2838
421,Product_421,Books,21,215.03,199.51,949,117,16,1457
422,Product_422,Office Supplies,14,45.9,417.54,867,98,26,4234
423,Product_423,Home & Kitchen,31,259.76,935.64,29,101,41,1416
424,Product_424,Sports,48,449.96,436.23,44,163,24,261
425,Product_425,Home & Kitchen,18,392.33,879.2,786,156,43,2009
426,Product_426,Office Supplies,7,117.78,609.45,470,78,28,1227
427,Product_427,Electronics,10,488.12,254.66,33,198,52,3970
428,Product_428,Office Supplies,7,335.34,362.3,652,127,24,1758
429,Product_429,Electronics,33,10.16,93.08,426,58,5,3225
430,Product_430,Sports,23,131.43,340.13,829,125,5,2063
431,Product_431,Sports,21,134.05,680.77,885,91,21,2389
432,Product_432,Toys,19,39.28,81.39,220,177,5,1066
433,Product_433,Books,48,480.11,213.35,867,69,57,989
434,Product_434,Toys,19,241.74,387.63,533,121,56,3161
435,Product_435,Books,36,448.43,982.23,691,114,49,3729
436,Product_436,Toys,29,164.5,787.01,947,162,34,3289
437,Product_437,Home & Kitchen,18,66.99,736.15,366,73,45,2848
438,Product_438,Sports,2,239.8,125.03,931,177,51,1766
439,Product_439,Electronics,1,61.41,783.19,840,132,7,3166
440,Product_440,Books,47,245.58,787.42,742,112,50,1541
441,Product_441,Office Supplies,5,460.55,605.09,914,109,59,1167
442,Product_442,Books,20,262.78,990.46,549,148,15,4323
443,Product_443,Electronics,11,310.17,332.0,581,111,28,3023
444,Product_444,Toys,42,82.54,941.86,115,79,26,4353
445,Product_445,Books,2,26.65,915.58,238,71,48,3956
446,Product_446,Health,3,59.85,21.37,334,175,49,926
447,Product_447,Home & Kitchen,23,301.27,455.62,440,91,30,4707
448,Product_448,Sports,12,52.03,977.33,147,147,17,4085
449,Product_449,Electronics,20,191.12,112.09,8,80,5,2192
450,Product_450,Sports,5,277.3,552.31,287,161,28,3279
451,Product_451,Health,37,197.38,979.17,387,195,14,4638
452,Product_452,Books,38,86.02,559.94,49,171,39,4001
453,Product_453,Books,30,140.53,197.92,849,66,28,2462
454,Product_454,Office Supplies,9,464.52,586.36,516,87,32,2324
455,Product_455,Health,34,339.61,212.4,915,191,40,1826
456,Product_456,Electronics,44,250.54,524.51,854,159,20,2106
457,Product_457,Office Supplies,35,11.29,83.3,637,71,44,366
458,Product_458,Home & Kitchen,22,496.25,609.43,586,105,20,937
459,Product_459,Office Supplies,44,337.37,521.62,676,168,21,4684
460,Product_460,Clothing,24,161.88,742.76,277,196,55,4897
461,Product_461,Electronics,17,440.24,634.39,953,106,58,786
462,Product_462,Clothing,10,132.92,554.11,835,84,19,3461
463,Product_463,Health,30,274.29,692.88,988,163,20,456
464,Product_464,Toys,46,319.86,152.5,299,174,19,3915
465,Product_465,Clothing,23,114.43,599.41,801,178,38,971
466,Product_466,Home & Kitchen,32,489.31,180.39,588,101,15,2073
467,Product_467,Office Supplies,17,375.35,926.27,809,134,5,4747
468,Product_468,Toys,50,281.12,77.65,648,114,19,1910
469,Product_469,Office Supplies,17,94.39,436.07,617,178,30,4518
470,Product_470,Clothing,14,31.66,698.84,606,70,55,2741
471,Product_471,Office Supplies,9,163.43,463.44,134,65,8,2328
472,Product_472,Health,40,377.83,101.17,579,172,47,3491
473,Product_473,Toys,2,138.32,557.85,146,110,9,4278
474,Product_474,Health,45,272.08,645.22,489,103,39,2450
475,Product_475,Clothing,25,365.33,706.75,477,75,17,4457
476,Product_476,Health,39,58.43,379.53,158,129,14,4979
477,Product_477,Home & Kitchen,9,344.22,568.02,383,114,15,2839
478,Product_478,Clothing,22,50.48,456.18,162,149,22,2830
479,Product_479,Clothing,43,482.74,675.34,440,123,38,1418
480,Product_480,Clothing,46,246.76,587.72,852,66,43,1635
481,Product_481,Electronics,4,79.58,530.5,188,170,45,4884
482,Product_482,Office Supplies,26,174.48,257.03,414,72,46,2543
483,Product_483,Electronics,29,209.64,12.0,338,184,54,1872
484,Product_484,Electronics,45,380.3,182.34,606,120,27,3309
485,Product_485,Home & Kitchen,34,372.99,125.9,180,157,11,977
486,Product_486,Toys,23,307.91,454.59,287,128,43,2970
487,Product_487,Office Supplies,37,57.44,616.14,833,95,7,3300
488,Product_488,Health,11,80.03,220.95,186,127,16,4244
489,Product_489,Books,6,51.41,939.67,883,65,11,3847
490,Product_490,Clothing,18,290.7,16.62,137,120,53,2936
491,Product_491,Health,21,439.18,774.58,129,145,30,392
492,Product_492,Clothing,42,219.73,628.95,193,196,37,1751
493,Product_493,Home & Kitchen,36,84.62,379.82,315,51,41,4731
494,Product_494,Clothing,41,281.23,59.98,983,59,52,4506
495,Product_495,Electronics,38,406.82,631.21,784,174,19,636
496,Product_496,Office Supplies,34,372.15,391.76,863,130,6,2786
497,Product_497,Books,17,441.32,936.9,143,189,45,333
498,Product_498,Sports,37,142.56,546.57,15,119,11,2752
499,Product_499,Clothing,25,101.01,940.25,301,199,36,2474
500,Product_500,Health,38,440.51,228.28,422,81,8,2372
501,Product_501,Electronics,12,330.49,728.47,244,154,24,1066
502,Product_502,Sports,23,158.91,621.08,926,133,54,989
503,Product_503,Books,42,372.46,742.01,106,178,57,3963
504,Product_504,Sports,22,408.48,222.52,87,107,40,3500
505,Product_505,Electronics,21,309.41,668.34,128,195,36,134
506,Product_506,Office Supplies,27,345.5,503.06,906,183,32,4642
507,Product_507,Office Supplies,31,190.75,745.4,886,94,17,3623
508,Product_508,Toys,6,271.65,333.77,340,146,5,1863
509,Product_509,Office Supplies,27,264.46,891.16,3,72,39,3391
510,Product_510,Toys,40,424.78,93.46,326,72,52,2588
511,Product_511,Sports,34,420.78,809.12,409,184,34,2800
512,Product_512,Home & Kitchen,12,417.18,862.71,878,128,58,1658
513,Product_513,Health,45,10.46,819.08,305,93,40,4790
514,Product_514,Health,7,376.03,517.6,907,76,59,2376
515,Product_515,Sports,10,380.54,444.0,606,75,29,4106
516,Product_516,Clothing,45,340.8,996.3,720,146,20,4539
517,Product_517,Clothing,17,379.35,236.88,224,85,23,1203
518,Product_518,Office Supplies,26,421.78,551.41,970,158,5,1519
519,Product_519,Health,21,237.81,673.97,347,104,9,1578
520,Product_520,Health,28,253.51,703.86,991,118,55,4014
521,Product_521,Toys,46,66.73,211.98,320,110,26,3842
522,Product_522,Home & Kitchen,2,195.76,657.45,558,179,28,3056
523,Product_523,Electronics,43,323.47,820.19,987,104,47,1482
524,Product_524,Clothing,1,391.3,59.52,180,171,49,2674
525,Product_525,Health,36,112.52,912.41,617,146,56,3484
526,Product_526,Toys,26,73.22,39.21,710,129,41,1669
527,Product_527,Books,29,333.21,362.41,385,136,57,1994
528,Product_528,Toys,21,5.93,25.66,617,87,40,2343
529,Product_529,Clothing,11,93.29,86.37,791,168,40,1966
530,Product_530,Clothing,40,19.39,912.06,771,127,8,128
531,Product_531,Toys,11,87.61,361.31,107,84,40,805
532,Product_532,Electronics,36,94.75,430.52,530,128,56,1120
533,Product_533,Sports,49,196.9,223.19,409,116,57,2163
534,Product_534,Clothing,39,204.15,601.12,970,136,22,1546
535,Product_535,Toys,40,437.76,598.86,295,83,54,3764
536,Product_536,Health,35,257.5,378.48,817,146,20,3087
537,Product_537,Toys,34,363.09,339.7,170,120,45,3702
538,Product_538,Home & Kitchen,47,56.55,886.11,330,52,22,3785
539,Product_539,Sports,24,116.59,389.45,492,107,26,3468
540,Product_540,Books,22,352.96,498.57,194,81,6,3681
541,Product_541,Electronics,5,31.14,290.47,11,80,25,2862
542,Product_542,Office Supplies,33,245.87,788.9,194,131,40,4137
543,Product_543,Books,36,301.69,403.47,489,92,48,672
544,Product_544,Sports,47,303.06,518.47,794,184,43,4188
545,Product_545,Sports,20,16.35,260.82,880,154,51,714
546,Product_546,Sports,19,164.44,987.78,181,50,43,4150
547,Product_547,Books,35,320.06,298.58,961,110,33,425
548,Product_548,Health,43,78.75,773.04,816,63,58,3840
549,Product_549,Sports,17,349.23,433.22,655,55,30,458
550,Product_550,Toys,45,374.23,214.16,897,152,25,3877
551,Product_551,Books,43,491.07,801.72,315,59,21,2471
552,Product_552,Office Supplies,34,108.87,340.27,693,120,20,1821
553,Product_553,Sports,9,413.44,866.54,29,139,35,1449
554,Product_554,Toys,26,262.55,916.1,595,198,55,3796
555,Product_555,Health,2,189.86,861.23,677,175,13,3996
556,Product_556,Home & Kitchen,9,65.58,44.66,795,146,35,4360
557,Product_557,Health,9,369.08,789.5,792,123,18,1696
558,Product_558,Office Supplies,40,121.75,417.23,95,164,53,1727
559,Product_559,Sports,17,188.85,874.99,380,100,41,2602
560,Product_560,Office Supplies,1,35.96,641.57,777,105,6,3908
561,Product_561,Books,25,401.68,835.31,443,90,56,292
562,Product_562,Clothing,43,384.46,504.44,297,81,52,2774
563,Product_563,Sports,40,368.14,539.68,807,64,50,3945
564,Product_564,Clothing,42,153.22,152.94,736,111,18,2677
565,Product_565,Toys,25,90.87,786.15,844,77,37,191
566,Product_566,Home & Kitchen,39,320.59,425.2,360,113,39,4334
567,Product_567,Electronics,35,250.6,505.08,373,179,43,580
568,Product_568,Office Supplies,3,93.23,787.25,553,176,51,3016
569,Product_569,Health,50,344.53,602.86,302,85,55,4535
570,Product_570,Home & Kitchen,37,495.61,209.09,420,163,24,1175
571,Product_571,Sports,44,374.87,594.33,245,62,6,2613
572,Product_572,Clothing,44,371.29,413.56,719,64,55,898
573,Product_573,Health,30,475.4,474.83,236,138,45,4670
574,Product_574,Clothing,38,105.45,38.03,533,71,23,4049
575,Product_575,Books,34,284.95,217.93,184,123,41,704
576,Product_576,Clothing,12,489.93,288.23,467,74,22,3079
577,Product_577,Books,19,86.82,715.83,753,150,20,697
578,Product_578,Toys,37,351.62,21.38,362,166,8,1632
579,Product_579,Health,44,294.98,414.69,282,90,16,613
580,Product_580,Health,49,295.31,924.79,552,137,33,1977
581,Product_581,Electronics,17,350.35,120.76,335,159,11,4072
582,Product_582,Sports,10,465.16,521.26,161,169,18,3943
583,Product_583,Books,49,392.38,788.66,159,146,59,1799
584,Product_584,Electronics,47,32.79,943.11,473,194,16,1129
585,Product_585,Clothing,12,427.1,749.31,600,106,39,4695
586,Product_586,Clothing,16,116.64,723.36,321,179,9,816
587,Product_587,Electronics,24,191.57,828.22,11,145,21,4186
588,Product_588,Health,19,233.56,451.74,423,170,46,765
589,Product_589,Clothing,8,243.05,807.79,72,111,36,2308
590,Product_590,Office Supplies,31,220.41,17.88,587,186,14,1179
591,Product_591,Toys,21,468.99,925.32,857,117,47,327
592,Product_592,Toys,17,354.48,448.87,200,130,21,248
593,Product_593,Office Supplies,23,317.43,557.85,521,66,9,1169
594,Product_594,Electronics,37,29.67,262.33,863,166,49,4827
595,Product_595,Office Supplies,16,452.44,745.11,504,99,46,1463
596,Product_596,Books,6,455.15,85.87,737,161,13,4608
597,Product_597,Books,8,391.21,873.91,687,143,53,1855
598,Product_598,Electronics,25,8.48,829.84,787,134,37,619
599,Product_599,Office Supplies,18,33.35,223.9,38,198,40,3644
600,Product_600,Books,25,116.49,811.23,59,195,40,2422
601,Product_601,Health,12,70.02,788.49,577,123,22,1202
602,Product_602,Office Supplies,15,202.42,635.89,320,158,13,697
603,Product_603,Health,26,461.7,379.78,434,194,33,3373
604,Product_604,Books,41,238.67,278.78,635,67,54,4149
605,Product_605,Toys,45,11.63,239.47,675,91,18,2705
606,Product_606,Books,26,144.96,325.42,407,150,29,2288
607,Product_607,Health,47,27.07,904.52,922,94,19,4925
608,Product_608,Home & Kitchen,32,22.96,86.86,385,131,10,688
609,Product_609,Sports,10,141.48,830.58,670,66,46,4572
610,Product_610,Clothing,16,141.43,355.4,568,122,33,1507
611,Product_611,Office Supplies,7,394.63,526.38,77,63,19,4946
612,Product_612,Home & Kitchen,17,487.54,796.54,193,181,33,4822
613,Product_613,Books,23,188.75,885.53,284,131,8,3490
614,Product_614,Toys,26,217.3,351.33,526,197,22,3540
615,Product_615,Electronics,21,423.17,467.23,523,169,54,1729
616,Product_616,Books,22,137.73,420.37,612,169,53,1094
617,Product_617,Toys,7,82.41,23.12,155,96,48,4898
618,Product_618,Sports,14,427.28,302.98,339,156,43,2159
619,Product_619,Books,15,28.02,464.6,124,157,20,4672
620,Product_620,Health,7,311.75,416.98,870,58,15,3086
621,Product_621,Electronics,9,283.19,724.71,279,128,18,500
622,Product_622,Toys,48,176.23,390.96,916,64,7,2955
623,Product_623,Toys,8,161.02,494.48,905,68,55,2324
624,Product_624,Toys,50,387.07,435.31,621,139,54,3512
625,Product_625,Sports,23,47.78,743.22,845,75,46,156
626,Product_626,Books,29,122.21,864.34,868,141,42,1975
627,Product_627,Sports,18,367.56,536.57,657,131,49,4643
628,Product_628,Office Supplies,31,276.42,791.54,727,180,46,4398
629,Product_629,Clothing,30,68.35,303.82,909,91,22,3868
630,Product_630,Clothing,39,441.66,545.96,673,68,24,4933
631,Product_631,Office Supplies,35,199.76,351.78,127,66,52,4397
632,Product_632,Books,18,414.79,420.06,313,125,29,1453
633,Product_633,Health,42,394.92,735.09,331,112,42,2510
634,Product_634,Sports,39,314.09,882.85,149,180,17,4411
635,Product_635,Electronics,17,249.77,130.28,453,156,8,2702
636,Product_636,Toys,14,489.88,638.29,35,98,59,3034
637,Product_637,Toys,31,76.76,586.32,684,104,18,122
638,Product_638,Books,24,363.95,127.23,419,148,37,2302
639,Product_639,Health,35,99.64,219.78,21,101,32,1309
640,Product_640,Clothing,44,172.44,317.89,205,149,56,2396
641,Product_641,Clothing,45,157.81,175.26,638,166,41,848
642,Product_642,Toys,34,473.78,251.29,847,167,12,904
643,Product_643,Books,3,483.84,274.92,956,56,48,233
644,Product_644,Sports,37,95.59,342.32,355,95,38,4516
645,Product_645,Clothing,43,15.91,751.9,439,95,48,2537
646,Product_646,Sports,40,361.4,576.19,728,149,9,533
647,Product_647,Health,26,211.91,986.38,95,193,58,3771
648,Product_648,Clothing,23,48.98,420.59,928,103,9,3836
649,Product_649,Clothing,44,343.46,756.33,940,111,35,4139
650,Product_650,Home & Kitchen,39,274.83,872.75,163,178,49,2198
651,Product_651,Clothing,15,490.36,682.19,147,98,13,3017
652,Product_652,Office Supplies,49,117.57,417.75,529,74,46,352
653,Product_653,Electronics,4,204.97,756.06,293,59,36,4934
654,Product_654,Office Supplies,29,273.56,211.63,194,167,37,1229
655,Product_655,Books,22,396.89,334.28,662,193,7,3364
656,Product_656,Books,25,276.68,551.22,479,141,34,401
657,Product_657,Sports,13,308.39,579.66,876,183,54,2077
658,Product_658,Office Supplies,18,116.94,31.92,122,193,16,2863
659,Product_659,Office Supplies,33,424.22,945.66,399,197,33,4105
660,Product_660,Office Supplies,16,217.17,699.66,698,129,7,3341
661,Product_661,Health,45,74.78,500.75,964,120,30,3157
662,Product_662,Clothing,42,333.77,933.8,451,127,34,650
663,Product_663,Electronics,44,111.96,444.7,660,92,13,1687
664,Product_664,Sports,2,53.29,980.63,103,139,30,1922
665,Product_665,Office Supplies,35,431.68,517.16,754,127,6,3317
666,Product_666,Office Supplies,42,232.78,123.14,461,75,7,3596
667,Product_667,Home & Kitchen,34,375.9,767.15,742,170,50,4509
668,Product_668,Sports,30,148.84,682.11,990,94,8,4379
669,Product_669,Office Supplies,13,394.55,775.26,717,112,29,812
670,Product_670,Sports,13,60.41,951.93,709,117,55,2275
671,Product_671,Clothing,18,181.21,778.72,395,51,17,4172
672,Product_672,Home & Kitchen,32,489.14,615.22,911,191,43,3949
673,Product_673,Sports,32,398.02,858.74,336,157,48,2533
674,Product_674,Electronics,35,251.14,676.51,598,79,39,3401
675,Product_675,Electronics,39,173.19,414.04,141,98,59,370
676,Product_676,Books,46,436.71,886.76,316,189,27,1894
677,Product_677,Home & Kitchen,29,274.7,229.68,710,93,13,2562
678,Product_678,Home & Kitchen,49,380.42,717.49,557,62,6,4393
679,Product_679,Books,29,378.28,882.75,799,127,58,3494
680,Product_680,Sports,44,13.88,734.0,526,175,45,1179
681,Product_681,Home & Kitchen,16,67.5,700.3,555,147,48,2978
682,Product_682,Electronics,44,331.52,755.11,400,75,35,4823
683,Product_683,Electronics,47,85.0,470.4,680,198,48,703
684,Product_684,Office Supplies,10,131.47,875.43,309,97,51,1685
685,Product_685,Clothing,30,473.59,211.4,494,115,6,3157
686,Product_686,Home & Kitchen,25,282.29,136.11,555,136,36,4085
687,Product_687,Sports,39,376.61,292.65,609,128,22,4789
688,Product_688,Books,20,281.2,536.26,772,72,17,1495
689,Product_689,Books,5,278.49,515.46,108,130,50,3788
690,Product_690,Sports,1,51.61,822.39,794,97,9,699
691,Product_691,Health,30,175.11,410.52,371,173,46,613
692,Product_692,Toys,49,144.8,489.5,854,179,48,1166
693,Product_693,Clothing,3,198.41,23.23,615,133,14,2986
694,Product_694,Books,45,400.18,415.64,767,69,47,2753
695,Product_695,Home & Kitchen,14,189.11,651.3,890,95,29,1188
696,Product_696,Clothing,30,228.59,25.35,205,180,38,4485
697,Product_697,Home & Kitchen,50,201.7,288.07,846,61,41,4964
698,Product_698,Health,4,51.24,215.88,42,89,34,2614
699,Product_699,Electronics,18,223.33,51.57,864,115,11,4069
700,Product_700,Clothing,37,101.83,484.47,244,149,10,3384
701,Product_701,Office Supplies,25,97.43,189.91,286,127,58,4666
702,Product_702,Books,48,51.55,745.65,354,65,59,2296
703,Product_703,Clothing,1,181.55,849.45,784,132,7,4283
704,Product_704,Clothing,46,379.95,550.13,475,93,17,889
705,Product_705,Clothing,15,141.84,981.89,82,183,7,3575
706,Product_706,Toys,9,159.61,455.97,109,149,30,3253
707,Product_707,Clothing,15,323.12,518.23,949,71,28,1764
708,Product_708,Home & Kitchen,49,101.94,989.33,189,67,57,1409
709,Product_709,Electronics,24,448.99,239.23,982,61,10,964
710,Product_710,Health,4,262.49,943.12,799,172,47,3963
711,Product_711,Sports,12,226.56,52.41,935,166,53,3463
712,Product_712,Clothing,37,281.12,451.92,908,100,46,3624
713,Product_713,Books,37,87.19,79.3,250,120,16,3886
714,Product_714,Clothing,43,308.67,731.94,723,97,53,123
715,Product_715,Books,6,184.73,612.32,290,68,40,3103
716,Product_716,Home & Kitchen,39,449.11,709.57,644,55,6,410
717,Product_717,Books,46,88.58,380.74,200,133,15,1331
718,Product_718,Office Supplies,24,255.99,375.79,796,102,43,3888
719,Product_719,Sports,11,301.07,54.87,325,156,38,2811
720,Product_720,Electronics,13,21.52,356.45,510,150,30,4901
721,Product_721,Books,34,185.03,930.0,408,97,22,521
722,Product_722,Books,25,367.65,385.43,606,184,25,1873
723,Product_723,Electronics,7,411.09,833.05,789,118,40,3668
724,Product_724,Sports,4,160.02,843.9,961,60,44,1046
725,Product_725,Clothing,8,400.3,379.51,940,192,56,1286
726,Product_726,Books,20,484.04,635.67,836,180,50,1934
727,Product_727,Electronics,29,429.15,104.42,507,171,48,1664
728,Product_728,Office Supplies,45,63.23,112.64,730,118,26,2047
729,Product_729,Office Supplies,46,371.17,58.17,600,72,57,1408
730,Product_730,Home & Kitchen,10,163.24,585.2,71,86,34,3086
731,Product_731,Electronics,43,494.27,431.81,246,58,54,486
732,Product_732,Home & Kitchen,34,245.25,552.55,640,64,47,1261
733,Product_733,Office Supplies,26,65.6,525.86,723,180,34,3358
734,Product_734,Sports,41,363.97,356.7,939,142,12,4911
735,Product_735,Clothing,49,164.89,680.7,854,66,38,4033
736,Product_736,Electronics,3,498.55,760.92,607,198,51,2947
737,Product_737,Health,6,489.99,24.48,586,121,13,4621
738,Product_738,Office Supplies,5,329.79,215.17,934,198,55,1539
739,Product_739,Office Supplies,5,69.26,716.1,565,170,24,3542
740,Product_740,Health,47,345.0,392.75,343,60,44,4580
741,Product_741,Toys,23,51.05,665.86,970,121,29,155
742,Product_742,Office Supplies,49,19.54,353.49,924,155,23,3424
743,Product_743,Books,9,412.36,396.85,53,174,9,205
744,Product_744,Sports,35,108.83,167.09,729,84,15,3301
745,Product_745,Electronics,20,192.62,265.65,527,168,19,769
746,Product_746,Health,49,486.86,609.36,610,63,12,4571
747,Product_747,Books,42,171.74,438.83,531,63,23,842
748,Product_748,Health,35,151.76,776.56,557,59,27,1066
749,Product_749,Electronics,50,459.51,854.06,962,189,31,407
750,Product_750,Home & Kitchen,18,59.82,546.23,192,87,44,2238
751,Product_751,Electronics,17,380.99,760.68,894,157,36,3564
752,Product_752,Toys,24,494.09,313.84,57,168,30,4997
753,Product_753,Electronics,3,451.14,420.82,436,83,31,209
754,Product_754,Electronics,32,327.58,715.65,110,59,23,3732
755,Product_755,Toys,35,160.46,392.35,128,171,54,4535
756,Product_756,Sports,38,130.89,592.62,848,194,46,2015
757,Product_757,Office Supplies,13,410.53,193.52,705,194,33,4363
758,Product_758,Electronics,47,440.51,603.77,924,164,43,656
759,Product_759,Toys,25,265.09,862.9,851,50,45,204
760,Product_760,Books,9,125.95,869.95,325,61,37,2147
761,Product_761,Home & Kitchen,4,60.91,727.1,7,152,23,245
762,Product_762,Home & Kitchen,14,48.15,748.3,28,53,41,2863
763,Product_763,Electronics,37,360.94,562.35,111,190,23,973
764,Product_764,Sports,34,212.96,588.82,946,147,37,398
765,Product_765,Sports,11,453.15,142.31,672,155,51,3338
766,Product_766,Books,41,371.14,449.42,130,134,20,745
767,Product_767,Electronics,3,99.67,456.27,187,170,27,4833
768,Product_768,Home & Kitchen,28,308.82,958.91,674,181,11,3178
769,Product_769,Sports,29,220.58,436.78,708,131,30,2611
770,Product_770,Electronics,9,290.74,553.85,474,68,36,883
771,Product_771,Health,3,370.34,537.92,363,179,16,470
772,Product_772,Sports,25,404.07,640.39,203,61,12,586
773,Product_773,Toys,34,422.65,750.75,211,130,9,2137
774,Product_774,Health,12,130.72,232.79,620,123,46,3296
775,Product_775,Office Supplies,42,20.4,533.44,275,147,32,1460
776,Product_776,Sports,9,370.95,827.66,72,55,57,4387
777,Product_777,Home & Kitchen,15,57.64,468.48,678,185,9,4925
778,Product_778,Clothing,40,160.89,285.67,771,174,53,2361
779,Product_779,Health,25,6.89,658.16,242,100,30,2721
780,Product_780,Office Supplies,5,342.43,825.53,786,60,9,1056
781,Product_781,Books,11,87.73,72.51,101,176,26,480
782,Product_782,Books,34,329.36,779.02,986,189,19,3749
783,Product_783,Home & Kitchen,24,495.91,823.43,684,122,17,4993
784,Product_784,Sports,15,40.97,466.91,170,51,32,338
785,Product_785,Electronics,38,43.15,983.47,652,57,37,1205
786,Product_786,Sports,8,173.49,788.84,908,188,47,1486
787,Product_787,Home & Kitchen,5,433.86,775.93,187,173,27,2652
788,Product_788,Books,48,111.69,750.36,440,102,37,2349
789,Product_789,Sports,26,183.39,159.1,85,59,47,1627
790,Product_790,Books,18,38.91,225.06,475,161,22,1767
791,Product_791,Health,6,382.76,469.35,51,57,54,4232
792,Product_792,Office Supplies,37,207.11,271.36,110,85,57,2791
793,Product_793,Electronics,48,380.83,421.09,948,155,34,3772
794,Product_794,Health,13,452.29,889.58,876,63,30,2096
795,Product_795,Books,28,120.22,826.08,853,135,20,1525
796,Product_796,Books,5,404.66,633.74,42,198,17,2912
797,Product_797,Clothing,13,34.25,859.54,210,99,43,3347
798,Product_798,Clothing,17,449.93,785.93,967,69,37,2692
799,Product_799,Health,50,327.13,434.7,199,136,30,1590
800,Product_800,Toys,40,437.74,209.05,809,184,52,1324
801,Product_801,Health,45,5.09,519.06,857,186,5,2687
802,Product_802,Clothing,32,88.7,738.87,751,178,53,3164
803,Product_803,Books,29,197.93,442.06,626,87,42,932
804,Product_804,Home & Kitchen,3,192.85,670.1,25,93,6,4792
805,Product_805,Health,40,117.23,103.38,918,135,53,2540
806,Product_806,Books,34,193.9,750.52,298,93,10,4895
807,Product_807,Home & Kitchen,40,68.78,814.59,76,123,50,1746
808,Product_808,Home & Kitchen,27,209.32,709.77,923,168,54,540
809,Product_809,Clothing,13,402.17,967.59,136,171,42,1629
810,Product_810,Health,45,242.14,828.39,19,183,46,3065
811,Product_811,Sports,33,13.91,904.06,439,194,28,2467
812,Product_812,Electronics,6,213.61,934.24,210,100,22,3386
813,Product_813,Clothing,24,18.45,803.33,751,87,31,4763
814,Product_814,Clothing,19,483.29,677.52,550,100,45,4431
815,Product_815,Sports,16,68.09,15.66,434,59,12,1404
816,Product_816,Electronics,40,355.31,471.17,779,169,32,3134
817,Product_817,Books,28,486.52,575.45,206,198,14,3788
818,Product_818,Toys,33,413.89,310.99,990,119,21,4073
819,Product_819,Health,48,351.16,324.92,438,134,59,1285
820,Product_820,Toys,41,420.53,961.55,973,106,33,3362
821,Product_821,Books,13,490.99,892.79,778,175,10,2207
822,Product_822,Office Supplies,43,312.57,850.69,665,88,18,1940
823,Product_823,Clothing,45,281.8,411.95,41,82,26,4420
824,Product_824,Electronics,25,315.98,23.56,410,67,58,2847
825,Product_825,Clothing,42,268.67,89.42,522,106,10,4777
826,Product_826,Home & Kitchen,36,319.37,319.07,805,145,30,4364
827,Product_827,Clothing,27,227.67,25.59,609,97,43,3233
828,Product_828,Clothing,38,113.13,26.98,426,91,16,3520
829,Product_829,Books,7,64.52,917.44,274,76,39,1565
830,Product_830,Books,5,38.83,709.1,447,123,18,4209
831,Product_831,Books,43,135.34,315.87,901,159,26,2311
832,Product_832,Toys,45,27.83,141.32,941,81,55,2904
833,Product_833,Home & Kitchen,31,285.75,516.52,883,75,27,1643
834,Product_834,Office Supplies,23,145.5,15.29,741,74,52,1789
835,Product_835,Office Supplies,42,413.14,939.03,368,124,11,1671
836,Product_836,Books,10,41.75,420.67,937,72,44,4641
837,Product_837,Electronics,32,117.04,408.31,219,106,54,3379
838,Product_838,Toys,43,366.47,396.69,576,175,29,3641
839,Product_839,Sports,30,301.41,78.64,866,136,17,4911
840,Product_840,Electronics,39,36.92,641.94,231,80,25,3123
841,Product_841,Health,31,439.23,735.67,327,113,45,918
842,Product_842,Health,18,439.24,679.36,442,82,14,4621
843,Product_843,Electronics,36,168.55,147.05,51,51,57,1224
844,Product_844,Books,2,173.5,583.05,885,67,59,1229
845,Product_845,Sports,14,494.57,573.79,942,133,13,1802
846,Product_846,Sports,13,314.96,869.73,375,84,19,2101
847,Product_847,Toys,29,268.0,385.34,262,163,56,3978
848,Product_848,Sports,12,419.89,377.77,266,195,6,4472
849,Product_849,Health,39,146.22,622.34,358,159,29,1906
850,Product_850,Home & Kitchen,2,217.45,636.74,316,137,17,3047
851,Product_851,Books,32,137.55,474.59,323,121,38,3309
852,Product_852,Sports,13,395.63,448.63,920,174,55,2252
853,Product_853,Toys,46,288.81,499.21,907,79,38,4741
854,Product_854,Health,27,331.12,862.43,665,102,39,4305
855,Product_855,Home & Kitchen,49,129.89,466.56,869,187,42,644
856,Product_856,Clothing,41,114.01,940.53,877,136,7,2501
857,Product_857,Clothing,17,246.75,508.96,651,188,46,4938
858,Product_858,Home & Kitchen,40,370.1,949.71,938,62,10,2464
859,Product_859,Health,31,264.99,834.5,562,89,59,1389
860,Product_860,Toys,34,21.16,368.81,628,138,52,3865
861,Product_861,Home & Kitchen,24,434.93,865.01,420,117,53,1975
862,Product_862,Books,45,37.02,118.96,45,91,23,4528
863,Product_863,Books,35,478.13,925.8,820,196,7,4787
864,Product_864,Clothing,48,17.45,635.33,599,143,22,882
865,Product_865,Sports,6,348.75,63.85,719,68,43,639
866,Product_866,Toys,19,45.69,647.81,888,72,13,2882
867,Product_867,Clothing,30,455.78,974.51,268,103,56,2768
868,Product_868,Sports,7,234.89,79.1,600,114,16,4814
869,Product_869,Sports,10,73.07,559.14,380,189,9,4037
870,Product_870,Office Supplies,41,173.7,750.32,117,73,7,3056
871,Product_871,Books,32,86.59,812.16,565,83,15,3822
872,Product_872,Health,34,89.44,419.69,952,102,34,3967
873,Product_873,Electronics,28,474.31,212.12,115,185,8,1933
874,Product_874,Health,15,225.4,51.92,629,67,9,2246
875,Product_875,Electronics,30,395.46,583.93,259,106,5,2270
876,Product_876,Home & Kitchen,37,321.6,458.38,74,161,31,3491
877,Product_877,Books,29,339.83,949.26,479,54,32,1716
878,Product_878,Sports,22,70.19,70.0,304,62,33,4717
879,Product_879,Toys,4,120.92,688.54,6,132,22,1016
880,Product_880,Electronics,20,394.44,34.72,365,78,16,4912
881,Product_881,Health,32,485.53,179.72,633,52,17,2856
882,Product_882,Sports,36,135.02,459.04,522,139,45,2036
883,Product_883,Electronics,50,139.43,460.32,347,153,6,4142
884,Product_884,Electronics,4,239.08,688.84,437,172,41,3191
885,Product_885,Office Supplies,27,492.0,911.11,214,125,49,4755
886,Product_886,Electronics,17,138.13,642.64,428,179,20,1068
887,Product_887,Toys,12,206.45,954.0,790,157,52,3464
888,Product_888,Books,22,446.28,882.8,497,131,28,3303
889,Product_889,Toys,17,6.45,588.65,539,126,39,989
890,Product_890,Clothing,10,24.68,835.45,746,51,26,892
891,Product_891,Sports,1,304.02,646.15,366,176,40,3558
892,Product_892,Books,22,454.15,87.77,312,184,15,1081
893,Product_893,Office Supplies,26,123.23,743.16,537,75,59,3631
894,Product_894,Books,18,237.47,103.96,920,137,50,3629
895,Product_895,Books,50,227.98,598.14,53,65,33,901
896,Product_896,Health,14,239.12,705.61,540,122,39,142
897,Product_897,Books,47,313.15,75.86,466,81,52,3449
898,Product_898,Office Supplies,29,237.52,238.49,864,64,58,1877
899,Product_899,Toys,12,226.5,916.52,163,190,19,3301
900,Product_900,Books,36,239.77,620.15,781,54,35,449
901,Product_901,Home & Kitchen,35,297.48,253.82,333,123,46,1667
902,Product_902,Sports,12,270.82,693.77,546,101,45,1229
903,Product_903,Books,7,427.8,600.81,797,126,47,3059
904,Product_904,Sports,29,29.5,506.56,347,159,20,3887
905,Product_905,Home & Kitchen,11,417.49,976.43,272,192,14,1880
906,Product_906,Home & Kitchen,33,422.74,686.62,962,155,53,683
907,Product_907,Sports,6,146.03,381.69,719,176,36,4627
908,Product_908,Electronics,47,234.11,802.07,749,56,55,3477
909,Product_909,Clothing,15,222.08,885.74,413,89,6,3501
910,Product_910,Health,32,113.16,133.97,499,148,28,3285
911,Product_911,Electronics,11,201.41,208.55,92,192,27,2294
912,Product_912,Electronics,23,26.97,224.06,684,134,6,1262
913,Product_913,Toys,26,142.52,694.3,78,114,42,398
914,Product_914,Health,34,409.26,607.01,621,181,35,3447
915,Product_915,Health,46,145.86,622.8,216,60,55,2039
916,Product_916,Electronics,34,410.01,941.37,946,157,44,888
917,Product_917,Books,29,268.14,778.15,357,75,30,2989
918,Product_918,Toys,4,440.53,136.66,617,134,33,1477
919,Product_919,Toys,17,289.52,354.03,506,172,7,2049
920,Product_920,Home & Kitchen,35,19.69,441.04,558,193,18,3372
921,Product_921,Office Supplies,13,339.33,402.0,180,117,29,977
922,Product_922,Health,41,27.2,672.62,575,153,52,3842
923,Product_923,Electronics,39,228.05,892.97,245,129,5,1677
924,Product_924,Home & Kitchen,15,465.07,312.99,243,102,57,3239
925,Product_925,Sports,29,86.78,556.36,505,155,7,2592
926,Product_926,Clothing,29,197.99,791.52,421,93,58,2855
927,Product_927,Office Supplies,11,366.28,422.06,319,189,30,2003
928,Product_928,Office Supplies,32,441.72,176.44,86,139,22,1482
929,Product_929,Office Supplies,2,337.12,480.2,216,150,13,4340
930,Product_930,Toys,47,132.8,64.67,489,146,42,2422
931,Product_931,Sports,14,338.93,942.96,518,58,27,2656
932,Product_932,Office Supplies,20,151.88,84.07,277,61,25,1961
933,Product_933,Sports,22,360.62,444.07,848,118,5,1966
934,Product_934,Books,11,477.25,534.58,721,77,25,4147
935,Product_935,Office Supplies,27,362.09,985.45,168,105,31,3275
936,Product_936,Clothing,3,432.13,174.36,329,148,46,1198
937,Product_937,Sports,17,6.04,123.29,649,159,10,1834
938,Product_938,Sports,44,360.2,18.62,440,126,59,4763
939,Product_939,Clothing,28,415.65,164.02,390,152,48,3516
940,Product_940,Office Supplies,29,25.08,215.2,495,155,40,4726
941,Product_941,Clothing,21,436.44,634.28,380,158,32,780
942,Product_942,Sports,47,132.06,227.51,305,161,49,2170
943,Product_943,Clothing,16,334.32,30.32,741,107,21,4924
944,Product_944,Sports,37,401.18,828.35,986,127,44,1829
945,Product_945,Sports,20,333.02,371.94,819,124,56,2291
946,Product_946,Books,6,50.68,360.16,672,91,7,767
947,Product_947,Electronics,19,300.18,309.45,512,117,16,1712
948,Product_948,Sports,5,277.04,975.62,747,82,43,780
949,Product_949,Office Supplies,3,450.66,178.41,948,120,16,1072
950,Product_950,Home & Kitchen,1,205.1,899.26,187,105,6,2946
951,Product_951,Toys,38,163.94,779.04,929,154,50,2232
952,Product_952,Health,15,376.18,85.72,515,150,26,2563
953,Product_953,Electronics,34,209.27,986.86,912,100,27,2629
954,Product_954,Electronics,35,324.82,278.65,643,123,34,2603
955,Product_955,Electronics,49,324.99,107.6,426,170,9,4492
956,Product_956,Books,25,444.58,831.02,501,192,13,3283
957,Product_957,Sports,24,301.35,709.61,729,192,25,4133
958,Product_958,Books,12,253.57,621.05,259,54,15,3267
959,Product_959,Sports,18,73.74,164.42,512,132,9,3097
960,Product_960,Office Supplies,15,62.29,483.71,70,100,39,3327
961,Product_961,Books,44,81.39,782.75,477,59,31,2252
962,Product_962,Books,16,90.06,310.59,177,189,53,1828
963,Product_963,Toys,27,320.75,318.57,456,53,6,2124
964,Product_964,Home & Kitchen,8,371.79,13.11,188,144,28,429
965,Product_965,Books,46,267.35,182.5,290,195,35,2586
966,Product_966,Toys,25,415.36,876.65,519,129,37,1255
967,Product_967,Clothing,17,495.68,447.33,764,85,43,1990
968,Product_968,Home & Kitchen,29,410.91,984.39,919,74,34,4577
969,Product_969,Office Supplies,8,348.97,401.75,978,147,50,2285
970,Product_970,Books,15,268.58,718.03,291,150,41,2417
971,Product_971,Health,27,227.18,289.1,945,58,55,3721
972,Product_972,Electronics,46,46.77,370.17,755,110,32,4591
973,Product_973,Clothing,50,202.69,198.82,634,102,35,2611
974,Product_974,Clothing,7,455.52,353.59,810,195,15,549
975,Product_975,Office Supplies,3,404.97,551.77,282,112,27,1454
976,Product_976,Toys,29,111.95,991.86,543,170,6,1393
977,Product_977,Clothing,44,235.97,667.56,845,154,44,2565
978,Product_978,Home & Kitchen,24,409.28,207.25,376,53,45,3202
979,Product_979,Books,3,38.36,54.51,657,142,31,1949
980,Product_980,Books,20,196.76,135.09,155,77,39,3275
981,Product_981,Health,46,426.66,566.93,507,129,6,4381
982,Product_982,Office Supplies,15,204.93,767.51,412,125,43,3299
983,Product_983,Electronics,25,43.42,941.02,527,165,41,1333
984,Product_984,Toys,30,273.55,25.66,354,118,25,1537
985,Product_985,Electronics,14,431.56,527.53,558,147,9,3452
986,Product_986,Clothing,7,297.19,476.16,762,50,56,4130
987,Product_987,Office Supplies,17,117.01,659.49,186,145,49,352
988,Product_988,Health,44,195.2,563.98,30,66,25,118
989,Product_989,Electronics,20,227.81,690.17,259,161,33,2859
990,Product_990,Home & Kitchen,36,291.74,661.5,420,140,24,322
991,Product_991,Books,9,380.88,125.84,528,137,42,102
992,Product_992,Clothing,38,53.94,801.72,550,139,24,1359
993,Product_993,Health,48,445.38,132.0,303,98,54,4423
994,Product_994,Electronics,22,11.09,701.55,941,87,29,4694
995,Product_995,Toys,2,188.18,421.98,985,199,6,2668
996,Product_996,Home & Kitchen,24,18.57,518.71,943,181,36,1985
997,Product_997,Home & Kitchen,8,199.52,904.27,38,108,30,1399
998,Product_998,Electronics,11,265.28,890.98,488,117,10,2438
999,Product_999,Books,13,258.28,819.68,643,179,45,1176
1000,Product_1000,Electronics,17,86.99,515.05,541,98,7,3858
1001,Product_1001,Clothing,8,324.64,738.88,669,175,37,3281
1002,Product_1002,Electronics,21,27.17,517.77,277,160,5,4910
1003,Product_1003,Home & Kitchen,18,382.14,870.91,202,97,55,1047
1004,Product_1004,Health,30,473.59,408.75,65,100,9,3838
1005,Product_1005,Electronics,18,173.19,970.53,107,92,17,2831
1006,Product_1006,Books,46,261.03,933.0,267,147,23,4107
1007,Product_1007,Office Supplies,47,192.56,744.19,221,173,16,969
1008,Product_1008,Health,31,8.32,286.62,803,129,52,193
1009,Product_1009,Toys,38,196.01,140.34,529,160,29,3087
1010,Product_1010,Sports,32,396.9,856.16,89,192,55,4755
1011,Product_1011,Electronics,11,300.01,173.65,692,76,39,1875
1012,Product_1012,Books,45,55.12,855.72,254,162,16,2360
1013,Product_1013,Health,25,424.33,495.86,454,135,34,535
1014,Product_1014,Books,33,267.89,412.49,252,163,9,4400
1015,Product_1015,Toys,38,421.65,904.16,256,173,38,3244
1016,Product_1016,Home & Kitchen,41,292.21,607.81,382,98,26,3687
1017,Product_1017,Books,8,282.05,580.85,441,125,43,176
1018,Product_1018,Health,11,57.1,563.18,857,104,17,915
1019,Product_1019,Books,22,87.84,377.46,598,105,51,867
1020,Product_1020,Books,24,486.15,787.79,89,144,58,3785
1021,Product_1021,Books,41,118.1,260.27,748,93,7,205
1022,Product_1022,Clothing,17,488.84,939.51,389,136,57,4016
1023,Product_1023,Clothing,12,268.3,895.05,581,133,24,2973
1024,Product_1024,Home & Kitchen,46,72.22,344.11,43,65,35,3446
1025,Product_1025,Electronics,32,54.15,732.17,711,198,9,3248
1026,Product_1026,Books,15,108.39,577.49,663,194,28,3248
1027,Product_1027,Toys,16,463.19,344.27,597,86,44,1565
1028,Product_1028,Electronics,22,210.0,988.64,18,126,58,2687
1029,Product_1029,Toys,28,200.74,34.98,100,196,37,344
1030,Product_1030,Electronics,20,160.04,260.12,913,94,12,2725
1031,Product_1031,Home & Kitchen,33,77.8,524.87,606,195,28,3949
1032,Product_1032,Books,10,246.49,526.73,765,111,54,1505
1033,Product_1033,Books,40,69.37,593.04,356,149,24,1081
1034,Product_1034,Sports,32,418.56,754.16,541,101,20,3908
1035,Product_1035,Toys,50,188.35,627.24,760,68,54,241
1036,Product_1036,Electronics,33,190.53,604.28,937,158,56,992
1037,Product_1037,Electronics,2,239.63,62.98,32,93,16,2499
1038,Product_1038,Office Supplies,33,224.84,382.76,969,56,17,4740
1039,Product_1039,Office Supplies,33,497.45,239.74,228,166,49,3060
1040,Product_1040,Clothing,41,274.96,272.72,523,117,46,2299
1041,Product_1041,Sports,13,48.66,558.79,629,83,43,1569
1042,Product_1042,Health,30,305.4,207.51,861,118,29,2800
1043,Product_1043,Office Supplies,33,80.03,301.01,154,104,50,3105
1044,Product_1044,Health,13,20.31,244.71,422,59,36,4958
1045,Product_1045,Clothing,26,485.52,949.02,904,91,28,3474
1046,Product_1046,Clothing,22,387.9,945.22,245,90,52,4819
1047,Product_1047,Clothing,39,490.15,613.84,404,171,51,755
1048,Product_1048,Toys,2,241.55,925.28,843,187,48,2868
1049,Product_1049,Toys,38,268.47,787.95,758,59,13,142
1050,Product_1050,Home & Kitchen,39,88.33,594.05,540,151,44,2411
1051,Product_1051,Home & Kitchen,26,127.22,16.37,160,177,54,1760
1052,Product_1052,Clothing,46,420.08,774.79,746,198,27,4791
1053,Product_1053,Sports,50,181.31,705.46,701,185,54,2324
1054,Product_1054,Electronics,15,414.27,619.1,116,141,17,2210
1055,Product_1055,Toys,34,355.96,762.82,270,162,36,1057
1056,Product_1056,Sports,42,92.7,517.79,769,127,54,660
1057,Product_1057,Books,44,256.19,707.04,691,134,19,1430
1058,Product_1058,Toys,49,340.31,935.82,486,79,40,1412
1059,Product_1059,Toys,40,121.34,382.05,884,98,53,1921
1060,Product_1060,Home & Kitchen,11,416.19,711.04,171,58,9,3102
1061,Product_1061,Electronics,3,274.69,480.93,949,194,26,3503
1062,Product_1062,Electronics,6,86.79,677.66,273,118,20,2751
1063,Product_1063,Office Supplies,9,293.58,765.26,258,107,45,1914
1064,Product_1064,Health,6,499.86,55.0,134,111,14,1841
1065,Product_1065,Health,9,79.51,650.13,682,101,28,4801
1066,Product_1066,Health,39,409.29,234.47,721,89,22,3908
1067,Product_1067,Health,31,107.62,673.33,747,112,53,2977
1068,Product_1068,Books,32,392.28,473.65,421,196,22,3370
1069,Product_1069,Books,41,368.62,775.82,420,99,11,4183
1070,Product_1070,Toys,50,153.74,132.17,185,190,8,845
1071,Product_1071,Clothing,12,166.28,630.06,928,127,30,657
1072,Product_1072,Home & Kitchen,8,397.3,285.69,363,146,9,3401
1073,Product_1073,Home & Kitchen,8,233.42,854.45,954,92,59,1041
1074,Product_1074,Health,50,366.75,929.1,606,85,20,4123
1075,Product_1075,Toys,28,78.25,996.43,377,171,39,2396
1076,Product_1076,Office Supplies,20,427.02,798.05,522,157,30,1039
1077,Product_1077,Sports,47,356.89,756.2,579,59,22,1710
1078,Product_1078,Clothing,7,453.94,223.35,890,144,33,1825
1079,Product_1079,Toys,11,70.52,342.65,721,55,27,1084
1080,Product_1080,Clothing,20,298.54,471.03,195,106,57,1687
1081,Product_1081,Clothing,16,301.56,775.65,880,178,18,4121
1082,Product_1082,Clothing,4,179.96,915.82,97,120,19,1436
1083,Product_1083,Toys,6,231.94,197.25,604,70,53,3237
1084,Product_1084,Health,22,23.8,923.14,983,141,37,761
1085,Product_1085,Home & Kitchen,26,374.2,698.67,21,176,29,132
1086,Product_1086,Home & Kitchen,3,276.91,614.66,449,129,25,3514
1087,Product_1087,Health,41,33.58,207.84,171,105,21,1256
1088,Product_1088,Clothing,42,341.97,64.97,382,165,27,3226
1089,Product_1089,Sports,14,236.06,572.78,133,197,47,160
1090,Product_1090,Electronics,11,22.06,655.0,425,74,21,4028
1091,Product_1091,Toys,18,484.96,218.67,24,54,18,1643
1092,Product_1092,Electronics,12,474.81,560.89,502,169,33,371
1093,Product_1093,Office Supplies,23,258.89,857.93,184,70,24,4176
1094,Product_1094,Health,12,51.37,836.72,84,67,34,3488
1095,Product_1095,Sports,13,378.54,928.08,566,106,23,2852
1096,Product_1096,Toys,25,248.51,372.23,762,142,57,2809
1097,Product_1097,Health,45,154.71,324.87,143,68,43,1254
1098,Product_1098,Clothing,19,248.25,751.93,862,177,17,4505
1099,Product_1099,Home & Kitchen,46,263.61,436.8,909,146,22,3953
1100,Product_1100,Electronics,36,283.54,96.67,678,180,27,1845
1101,Product_1101,Books,45,223.41,289.97,411,70,50,3532
1102,Product_1102,Books,8,304.85,424.4,223,89,37,437
1103,Product_1103,Sports,29,459.77,299.59,219,116,43,109
1104,Product_1104,Clothing,32,184.32,338.88,178,176,44,4244
1105,Product_1105,Office Supplies,44,364.23,300.84,630,104,22,830
1106,Product_1106,Electronics,18,447.75,51.08,432,158,13,4990
1107,Product_1107,Clothing,6,230.71,640.72,264,147,37,1748
1108,Product_1108,Electronics,18,224.51,601.32,953,161,36,4328
1109,Product_1109,Sports,19,303.05,656.85,428,164,58,3754
1110,Product_1110,Sports,22,297.75,200.39,661,166,21,2230
1111,Product_1111,Office Supplies,37,404.26,302.7,415,136,23,4571
1112,Product_1112,Books,32,240.86,623.42,452,130,31,2496
1113,Product_1113,Clothing,41,498.08,603.63,726,115,10,4466
1114,Product_1114,Toys,3,34.44,511.27,196,68,39,1606
1115,Product_1115,Books,28,6.57,356.91,553,184,41,2258
1116,Product_1116,Clothing,10,321.9,913.8,52,167,38,3016
1117,Product_1117,Books,35,152.73,346.37,479,91,24,4271
1118,Product_1118,Toys,29,123.99,461.06,442,91,29,3329
1119,Product_1119,Home & Kitchen,15,159.39,681.33,329,108,8,3703
1120,Product_1120,Home & Kitchen,33,131.74,547.59,250,69,14,1766
1121,Product_1121,Office Supplies,7,20.24,353.42,806,122,14,4524
1122,Product_1122,Home & Kitchen,12,485.91,441.29,889,66,28,4236
1123,Product_1123,Home & Kitchen,49,114.27,796.54,782,76,25,3069
1124,Product_1124,Health,30,368.34,285.35,966,51,15,2789
1125,Product_1125,Electronics,21,382.49,150.83,924,112,31,2426
1126,Product_1126,Health,31,464.98,320.03,122,111,20,2910
1127,Product_1127,Health,24,20.12,851.04,878,149,30,2616
1128,Product_1128,Office Supplies,20,436.66,98.1,386,68,34,3571
1129,Product_1129,Health,37,265.98,991.78,338,66,53,112
1130,Product_1130,Home & Kitchen,4,318.11,545.59,777,118,20,3070
1131,Product_1131,Toys,28,324.01,985.0,347,166,11,3721
1132,Product_1132,Office Supplies,44,410.8,939.61,28,130,20,3783
1133,Product_1133,Office Supplies,20,170.04,458.29,974,88,39,3573
1134,Product_1134,Sports,24,367.86,206.51,34,85,20,3222
1135,Product_1135,Office Supplies,50,266.65,173.24,517,181,44,3564
1136,Product_1136,Sports,49,397.73,247.59,395,78,16,752
1137,Product_1137,Office Supplies,32,495.32,713.03,622,100,39,720
1138,Product_1138,Electronics,41,104.32,280.22,293,63,53,3890
1139,Product_1139,Home & Kitchen,36,497.35,348.01,588,118,25,1745
1140,Product_1140,Office Supplies,34,49.46,454.29,348,195,54,2343
1141,Product_1141,Home & Kitchen,36,6.15,914.1,146,106,47,4612
1142,Product_1142,Home & Kitchen,2,26.86,197.5,66,61,40,4859
1143,Product_1143,Books,15,174.18,14.98,903,66,52,3591
1144,Product_1144,Office Supplies,34,318.29,69.5,519,79,21,3811
1145,Product_1145,Clothing,36,39.17,905.72,121,137,36,3788
1146,Product_1146,Books,6,7.8,651.04,339,148,45,1479
1147,Product_1147,Clothing,39,468.86,280.31,174,72,10,4343
1148,Product_1148,Home & Kitchen,42,411.85,185.42,899,178,28,2145
1149,Product_1149,Home & Kitchen,12,405.55,301.32,690,128,31,3148
1150,Product_1150,Books,3,442.79,123.65,596,81,24,1488
1151,Product_1151,Books,45,351.52,942.12,450,58,29,501
1152,Product_1152,Clothing,18,56.68,786.36,556,64,6,2753
1153,Product_1153,Sports,40,202.55,467.77,135,76,13,4424
1154,Product_1154,Clothing,21,362.96,866.31,854,158,32,4023
1155,Product_1155,Books,15,143.77,256.96,15,125,57,367
1156,Product_1156,Toys,33,345.27,719.95,332,197,42,4321
1157,Product_1157,Books,35,17.13,857.57,194,114,7,1825
1158,Product_1158,Toys,26,156.54,363.2,495,158,24,1212
1159,Product_1159,Electronics,8,276.82,759.89,8,178,10,2775
1160,Product_1160,Books,36,317.88,302.12,827,59,43,4884
1161,Product_1161,Electronics,48,290.64,305.87,333,96,37,1380
1162,Product_1162,Sports,30,350.39,115.99,332,172,59,1332
1163,Product_1163,Clothing,23,8.01,445.66,326,108,5,4476
1164,Product_1164,Toys,42,54.97,732.41,14,145,41,4638
1165,Product_1165,Clothing,44,435.13,940.82,838,152,10,1963
1166,Product_1166,Electronics,14,342.47,607.76,613,173,49,4584
1167,Product_1167,Toys,14,60.9,864.5,225,135,38,716
1168,Product_1168,Clothing,2,421.83,824.27,424,195,51,246
1169,Product_1169,Books,37,124.9,181.61,789,161,19,4716
1170,Product_1170,Home & Kitchen,5,241.74,490.96,407,76,49,4825
1171,Product_1171,Electronics,38,76.87,125.75,112,67,30,3777
1172,Product_1172,Clothing,45,356.5,685.33,996,131,18,388
1173,Product_1173,Electronics,41,335.09,950.4,427,121,58,1509
1174,Product_1174,Health,47,109.5,145.72,0,103,11,113
1175,Product_1175,Electronics,14,432.38,736.54,265,120,50,356
1176,Product_1176,Toys,39,203.65,635.92,490,195,35,1821
1177,Product_1177,Health,25,149.79,587.77,207,87,28,1523
1178,Product_1178,Office Supplies,20,80.4,396.22,621,186,35,3090
1179,Product_1179,Toys,2,136.75,361.58,711,84,33,1295
1180,Product_1180,Home & Kitchen,39,15.9,54.8,951,131,46,4659
1181,Product_1181,Health,6,293.71,225.73,368,182,36,4465
1182,Product_1182,Office Supplies,17,421.9,25.03,984,191,21,1344
1183,Product_1183,Books,25,276.75,585.6,305,53,18,3323
1184,Product_1184,Electronics,28,113.54,114.79,11,199,44,3570
1185,Product_1185,Clothing,2,21.67,874.29,344,72,40,4267
1186,Product_1186,Sports,35,111.24,527.91,464,97,52,4069
1187,Product_1187,Electronics,37,210.98,702.69,699,197,28,1406
1188,Product_1188,Office Supplies,5,381.01,416.75,665,174,49,2221
1189,Product_1189,Electronics,1,97.98,564.97,493,104,58,2502
1190,Product_1190,Home & Kitchen,40,361.3,943.23,367,117,31,596
1191,Product_1191,Books,12,434.13,91.91,845,137,29,3499
1192,Product_1192,Sports,36,229.7,261.4,936,50,36,3706
1193,Product_1193,Health,45,411.61,782.19,419,184,56,1009
1194,Product_1194,Health,23,279.56,107.75,888,144,22,472
1195,Product_1195,Health,47,320.36,84.9,790,189,50,4557
1196,Product_1196,Office Supplies,31,265.51,367.93,170,155,22,1444
1197,Product_1197,Toys,11,234.27,101.25,133,182,41,423
1198,Product_1198,Toys,10,121.15,589.23,964,157,30,2531
1199,Product_1199,Clothing,3,155.08,234.01,426,91,13,4770
1200,Product_1200,Sports,14,148.54,896.74,24,151,39,4931
